{
  "name": "מיכל שכטמן",
  "data": [
    {
      "EmployeeID": 1513,
      "Employee": "מיכל שכטמן",
      "Program": "מנהיגות ירוקה",
      "EventType": "COURSE",
      "Authority": "מטה יהודה",
      "School": "אלון",
      "StartTime": 0.3541666666666667,
      "EndTime": 0.4166666666666667,
      "Date1": 45991,
      "Date2": 45998,
      "Date3": 46005,
      "Date4": 46019,
      "Date5": 46040,
      "Date6": 46047,
      "Date7": 46054,
      "Date8": 46061,
      "Date9": 46082,
      "Date10": 46089,
      "End": 46089,
      "MonthEnd": 3,
      "MonthStart": 11,
      "Dates": [
        45991,
        45998,
        46005,
        46019,
        46040,
        46047,
        46054,
        46061,
        46082,
        46089
      ]
    },
    {
      "EmployeeID": 1513,
      "Employee": "מיכל שכטמן",
      "Program": "מנהיגות ירוקה",
      "EventType": "COURSE",
      "Authority": "מטה יהודה",
      "School": "השחר",
      "StartTime": 0.5104166666666666,
      "EndTime": 0.5729166666666666,
      "Date1": 46002,
      "Date2": 46016,
      "Date3": 46023,
      "Date4": 46030,
      "Date5": 46037,
      "Date6": 46044,
      "Date7": 46051,
      "Date8": 46058,
      "Date9": 46072,
      "Date10": 46079,
      "End": 46079,
      "MonthEnd": 2,
      "MonthStart": 12,
      "Dates": [
        46002,
        46016,
        46023,
        46030,
        46037,
        46044,
        46051,
        46058,
        46072,
        46079
      ]
    },
    {
      "EmployeeID": 1513,
      "Employee": "מיכל שכטמן",
      "Program": "מנהיגות ירוקה",
      "EventType": "COURSE",
      "Authority": "מטה יהודה",
      "School": "מתיתיהו ",
      "StartTime": 0.4375,
      "EndTime": 0.5,
      "Date1": 45991,
      "Date2": 45998,
      "Date3": 46005,
      "Date4": 46019,
      "Date5": 46040,
      "Date6": 46047,
      "Date7": 46054,
      "Date8": 46061,
      "Date9": 46082,
      "Date10": 46089,
      "End": 46089,
      "MonthEnd": 3,
      "MonthStart": 11,
      "Dates": [
        45991,
        45998,
        46005,
        46019,
        46040,
        46047,
        46054,
        46061,
        46082,
        46089
      ]
    },
    {
      "EmployeeID": 1513,
      "Employee": "מיכל שכטמן",
      "Program": "מנהיגות ירוקה",
      "EventType": "COURSE",
      "Authority": "מטה יהודה",
      "School": "עין הרים",
      "StartTime": 0.3854166666666667,
      "EndTime": 0.46875,
      "Date1": 46002,
      "Date2": 46016,
      "Date3": 46023,
      "Date4": 46030,
      "Date5": 46037,
      "Date6": 46044,
      "Date7": 46051,
      "Date8": 46058,
      "Date9": 46072,
      "Date10": 46079,
      "End": 46079,
      "MonthEnd": 2,
      "MonthStart": 12,
      "Dates": [
        46002,
        46016,
        46023,
        46030,
        46037,
        46044,
        46051,
        46058,
        46072,
        46079
      ]
    },
    {
      "EmployeeID": 1513,
      "Employee": "מיכל שכטמן",
      "Program": "בינה מלאכותית",
      "EventType": "COURSE",
      "Authority": "יד בנימין",
      "School": "יד בנימין",
      "StartTime": 0.5,
      "EndTime": 0.5625,
      "Date1": 45980,
      "Date2": 45987,
      "Date3": 45994,
      "Date4": 46001,
      "Date5": 46022,
      "Date6": 46029,
      "Date7": 46050,
      "Date8": 46057,
      "Date9": 46057,
      "End": 46057,
      "MonthEnd": 2,
      "MonthStart": 11,
      "Dates": [
        45980,
        45987,
        45994,
        46001,
        46022,
        46029,
        46050,
        46057,
        46057
      ]
    }
  ]
}