{
  "name": "סוהא סאלם",
  "data": [
    {
      "EmployeeID": 1501,
      "Employee": "סוהא סאלם",
      "Program": "ביומימיקרי",
      "EventType": "COURSE",
      "Authority": "דלית אל-כרמל",
      "School": "אלאשראק ",
      "CourseManager": "גיל נאמן",
      "StartTime": 0.5520833333333334,
      "EndTime": 0.6145833333333334,
      "Date1": 46068,
      "Date2": 46082,
      "Date3": 46089,
      "Date4": 46096,
      "Date5": 46103,
      "Date6": 46124,
      "Date7": 46131,
      "Date8": 46138,
      "Date9": 46145,
      "Date10": 46152,
      "Date11": 46152,
      "End": 46152,
      "MonthEnd": 5,
      "MonthStart": 2,
      "Dates": [
        46068,
        46082,
        46089,
        46096,
        46103,
        46124,
        46131,
        46138,
        46145,
        46152,
        46152
      ],
      "InstructorManager": "גיל נאמן"
    },
    {
      "EmployeeID": 1501,
      "Employee": "סוהא סאלם",
      "Program": "ביומימיקרי לחטיבה",
      "EventType": "COURSE",
      "Authority": "ירכא",
      "School": "חט\"ב ב'",
      "CourseManager": "גיל נאמן",
      "StartTime": 0.34375,
      "EndTime": 0.4131944444444444,
      "Date1": 45958,
      "Date2": 45965,
      "Date3": 45972,
      "Date4": 45979,
      "Date5": 45986,
      "Date6": 45993,
      "Date7": 46000,
      "Date8": 46014,
      "Date9": 46021,
      "Date10": 46035,
      "Date11": 46042,
      "Date12": 46049,
      "Date13": 46056,
      "End": 46056,
      "MonthEnd": 2,
      "MonthStart": 10,
      "Dates": [
        45958,
        45965,
        45972,
        45979,
        45986,
        45993,
        46000,
        46014,
        46021,
        46035,
        46042,
        46049,
        46056
      ],
      "InstructorManager": "גיל נאמן"
    },
    {
      "EmployeeID": 1501,
      "Employee": "סוהא סאלם",
      "Program": "מנהיגות ירוקה",
      "EventType": "COURSE",
      "Authority": "אשדות יעקב",
      "School": "מול גלעד",
      "CourseManager": "גיל נאמן",
      "StartTime": 0.3333333333333333,
      "EndTime": 0.3958333333333333,
      "Date1": 46090,
      "Date2": 46097,
      "Date3": 46104,
      "Date4": 46125,
      "Date5": 46139,
      "Date6": 46146,
      "Date7": 46153,
      "Date8": 46160,
      "Date9": 46167,
      "Date10": 46174,
      "End": 46174,
      "MonthEnd": 6,
      "MonthStart": 3,
      "Dates": [
        46090,
        46097,
        46104,
        46125,
        46139,
        46146,
        46153,
        46160,
        46167,
        46174
      ],
      "InstructorManager": "גיל נאמן"
    },
    {
      "EmployeeID": 1501,
      "Employee": "סוהא סאלם",
      "Program": "מנהיגות ירוקה",
      "EventType": "COURSE",
      "Authority": "אשדות יעקב",
      "School": "מול גלעד",
      "CourseManager": "גיל נאמן",
      "StartTime": 0.40625,
      "EndTime": 0.46875,
      "Date1": 46090,
      "Date2": 46097,
      "Date3": 46104,
      "Date4": 46125,
      "Date5": 46139,
      "Date6": 46146,
      "Date7": 46153,
      "Date8": 46160,
      "Date9": 46167,
      "Date10": 46174,
      "End": 46174,
      "MonthEnd": 6,
      "MonthStart": 3,
      "Dates": [
        46090,
        46097,
        46104,
        46125,
        46139,
        46146,
        46153,
        46160,
        46167,
        46174
      ],
      "InstructorManager": "גיל נאמן"
    },
    {
      "EmployeeID": 1501,
      "Employee": "סוהא סאלם",
      "Program": "מנהיגות ירוקה",
      "EventType": "COURSE",
      "Authority": "אשדות יעקב",
      "School": "מול גלעד",
      "CourseManager": "גיל נאמן",
      "StartTime": 0.4826388888888889,
      "EndTime": 0.5451388888888888,
      "Date1": 46090,
      "Date2": 46097,
      "Date3": 46104,
      "Date4": 46125,
      "Date5": 46139,
      "Date6": 46146,
      "Date7": 46153,
      "Date8": 46160,
      "Date9": 46167,
      "Date10": 46174,
      "End": 46174,
      "MonthEnd": 6,
      "MonthStart": 3,
      "Dates": [
        46090,
        46097,
        46104,
        46125,
        46139,
        46146,
        46153,
        46160,
        46167,
        46174
      ],
      "InstructorManager": "גיל נאמן"
    },
    {
      "EmployeeID": 1501,
      "Employee": "סוהא סאלם",
      "Program": "ביומימיקרי לחטיבה",
      "EventType": "COURSE",
      "Authority": "גינוסר",
      "School": "נופי ארבל",
      "CourseManager": "גיל נאמן",
      "StartTime": 0.3645833333333333,
      "EndTime": 0.3923611111111111,
      "Date1": 46086,
      "Date2": 46093,
      "Date3": 46100,
      "Date4": 46121,
      "Date5": 46128,
      "Date6": 46135,
      "Date7": 46142,
      "Date8": 46149,
      "Date9": 46156,
      "Date10": 46170,
      "End": 46170,
      "MonthEnd": 5,
      "MonthStart": 3,
      "Dates": [
        46086,
        46093,
        46100,
        46121,
        46128,
        46135,
        46142,
        46149,
        46156,
        46170
      ],
      "InstructorManager": "גיל נאמן"
    },
    {
      "EmployeeID": 1501,
      "Employee": "סוהא סאלם",
      "Program": "ביומימיקרי לחטיבה",
      "EventType": "COURSE",
      "Authority": "גינוסר",
      "School": "נופי ארבל",
      "CourseManager": "גיל נאמן",
      "StartTime": 0.4097222222222222,
      "EndTime": 0.4409722222222222,
      "Date1": 46086,
      "Date2": 46093,
      "Date3": 46100,
      "Date4": 46121,
      "Date5": 46128,
      "Date6": 46135,
      "Date7": 46142,
      "Date8": 46149,
      "Date9": 46156,
      "Date10": 46170,
      "End": 46170,
      "MonthEnd": 5,
      "MonthStart": 3,
      "Dates": [
        46086,
        46093,
        46100,
        46121,
        46128,
        46135,
        46142,
        46149,
        46156,
        46170
      ],
      "InstructorManager": "גיל נאמן"
    },
    {
      "EmployeeID": 1501,
      "Employee": "סוהא סאלם",
      "Program": "ביומימיקרי לחטיבה",
      "EventType": "COURSE",
      "Authority": "דגניה א'",
      "School": "בית חינוך דגניה",
      "CourseManager": "גיל נאמן",
      "StartTime": 0.4479166666666667,
      "EndTime": 0.4791666666666667,
      "Date1": 46091,
      "Date2": 46098,
      "Date3": 46126,
      "Date4": 46140,
      "Date5": 46147,
      "Date6": 46154,
      "Date7": 46161,
      "Date8": 46168,
      "Date9": 46175,
      "Date10": 46182,
      "End": 46182,
      "MonthEnd": 6,
      "MonthStart": 3,
      "Dates": [
        46091,
        46098,
        46126,
        46140,
        46147,
        46154,
        46161,
        46168,
        46175,
        46182
      ],
      "InstructorManager": "גיל נאמן"
    },
    {
      "EmployeeID": 1501,
      "Employee": "סוהא סאלם",
      "Program": "ביומימיקרי לחטיבה",
      "EventType": "COURSE",
      "Authority": "דגניה א'",
      "School": "בית חינוך דגניה",
      "CourseManager": "גיל נאמן",
      "StartTime": 0.4861111111111111,
      "EndTime": 0.5173611111111112,
      "Date1": 46091,
      "Date2": 46098,
      "Date3": 46126,
      "Date4": 46140,
      "Date5": 46147,
      "Date6": 46154,
      "Date7": 46161,
      "Date8": 46168,
      "Date9": 46175,
      "Date10": 46182,
      "End": 46182,
      "MonthEnd": 6,
      "MonthStart": 3,
      "Dates": [
        46091,
        46098,
        46126,
        46140,
        46147,
        46154,
        46161,
        46168,
        46175,
        46182
      ],
      "InstructorManager": "גיל נאמן"
    },
    {
      "EmployeeID": 1501,
      "Employee": "סוהא סאלם",
      "Program": "ביומימיקרי לחטיבה",
      "EventType": "COURSE",
      "Authority": "דגניה א'",
      "School": "בית חינוך דגניה",
      "CourseManager": "גיל נאמן",
      "StartTime": 0.5243055555555556,
      "EndTime": 0.5520833333333334,
      "Date1": 46091,
      "Date2": 46098,
      "Date3": 46126,
      "Date4": 46140,
      "Date5": 46147,
      "Date6": 46154,
      "Date7": 46161,
      "Date8": 46168,
      "Date9": 46175,
      "Date10": 46182,
      "End": 46182,
      "MonthEnd": 6,
      "MonthStart": 3,