{
  "name": "אלדר טייב",
  "data": [
    {
      "EmployeeID": 1502,
      "Employee": "אלדר מיכאל טייב",
      "Program": "מנהיגות ירוקה",
      "EventType": "COURSE",
      "Authority": "מטה יהודה",
      "School": "האלה",
      "CourseManager": "לינוי שמואל מזרחי",
      "StartTime": 0.34375,
      "EndTime": 0.40625,
      "Date1": 45996,
      "Date2": 46003,
      "Date3": 46017,
      "Date4": 46024,
      "Date5": 46031,
      "Date6": 46038,
      "Date7": 46045,
      "Date8": 46052,
      "Date9": 46059,
      "Date10": 46066,
      "End": 46066,
      "MonthEnd": 2,
      "MonthStart": 12,
      "Dates": [
        45996,
        46003,
        46017,
        46024,
        46031,
        46038,
        46045,
        46052,
        46059,
        46066
      ],
      "InstructorManager": "לינוי שמואל מזרחי"
    },
    {
      "EmployeeID": 1502,
      "Employee": "אלדר מיכאל טייב",
      "Program": "מנהיגות ירוקה",
      "EventType": "COURSE",
      "Authority": "מטה יהודה",
      "School": "קרוב",
      "CourseManager": "לינוי שמואל מזרחי",
      "StartTime": 0.4375,
      "EndTime": 0.4930555555555556,
      "Date1": 45996,
      "Date2": 46003,
      "Date3": 46017,
      "Date4": 46024,
      "Date5": 46031,
      "Date6": 46038,
      "Date7": 46045,
      "Date8": 46052,
      "Date9": 46059,
      "Date10": 46066,
      "End": 46066,
      "MonthEnd": 2,
      "MonthStart": 12,
      "Dates": [
        45996,
        46003,
        46017,
        46024,
        46031,
        46038,
        46045,
        46052,
        46059,
        46066
      ],
      "InstructorManager": "לינוי שמואל מזרחי"
    },
    {
      "EmployeeID": 1502,
      "Employee": "אלדר מיכאל טייב",
      "Program": "ביומימיקרי",
      "EventType": "COURSE",
      "Authority": "אשקלון",
      "School": "בי\"ס אילנות",
      "CourseManager": "לינוי שמואל מזרחי",
      "StartTime": 0.4236111111111111,
      "EndTime": 0.4930555555555556,
      "Date1": 46061,
      "Date2": 46068,
      "Date3": 46075,
      "Date4": 46089,
      "Date5": 46096,
      "Date6": 46103,
      "Date7": 46124,
      "Date8": 46131,
      "Date9": 46138,
      "Date10": 46145,
      "End": 46145,
      "MonthEnd": 5,
      "MonthStart": 2,
      "Dates": [
        46061,
        46068,
        46075,
        46089,
        46096,
        46103,
        46124,
        46131,
        46138,
        46145
      ],
      "InstructorManager": "לינוי שמואל מזרחי"
    },
    {
      "EmployeeID": 1502,
      "Employee": "אלדר מיכאל טייב",
      "Program": "ביומימיקרי",
      "EventType": "COURSE",
      "Authority": "אשקלון",
      "School": "בראשית",
      "CourseManager": "לינוי שמואל מזרחי",
      "StartTime": 0.5729166666666666,
      "EndTime": 0.6354166666666666,
      "Date1": 46061,
      "Date2": 46068,
      "Date3": 46075,
      "Date4": 46089,
      "Date5": 46096,
      "Date6": 46103,
      "Date7": 46124,
      "Date8": 46131,
      "Date9": 46138,
      "Date10": 46145,
      "End": 46145,
      "MonthEnd": 5,
      "MonthStart": 2,
      "Dates": [
        46061,
        46068,
        46075,
        46089,
        46096,
        46103,
        46124,
        46131,
        46138,
        46145
      ],
      "InstructorManager": "לינוי שמואל מזרחי"
    },
    {
      "EmployeeID": 1502,
      "Employee": "אלדר מיכאל טייב",
      "Program": "בינה מלאכותית",
      "EventType": "COURSE",
      "Authority": "באר שבע",
      "School": "התומר",
      "CourseManager": "לינוי שמואל מזרחי",
      "StartTime": 0.3680555555555556,
      "EndTime": 0.4583333333333333,
      "Date1": 46062,
      "Date2": 46069,
      "Date3": 46076,
      "Date4": 46083,
      "Date5": 46090,
      "Date6": 46097,
      "Date7": 46104,
      "Date8": 46125,
      "End": 46125,
      "MonthEnd": 4,
      "MonthStart": 2,
      "Dates": [
        46062,
        46069,
        46076,
        46083,
        46090,
        46097,
        46104,
        46125
      ],
      "InstructorManager": "לינוי שמואל מזרחי"
    },
    {
      "EmployeeID": 1502,
      "Employee": "אלדר מיכאל טייב",
      "Program": "ביומימיקרי",
      "EventType": "COURSE",
      "Authority": "באר שבע",
      "School": "חווה חקלאית - רננות",
      "CourseManager": "לינוי שמואל מזרחי",
      "StartTime": 0.4583333333333333,
      "EndTime": 0.5347222222222222,
      "Date1": 45977,
      "Date2": 45991,
      "Date3": 46005,
      "Date4": 46026,
      "Date5": 46037,
      "Date6": 46037,
      "Date7": 46043,
      "Date8": 46050,
      "Date9": 46057,
      "Date10": 46064,
      "End": 46064,
      "MonthEnd": 2,
      "MonthStart": 11,
      "Dates": [
        45977,
        45991,
        46005,
        46026,
        46037,
        46037,
        46043,
        46050,
        46057,
        46064
      ],
      "InstructorManager": "לינוי שמואל מזרחי"
    },
    {
      "EmployeeID": 1502,
      "Employee": "אלדר מיכאל טייב",
      "Program": "פרימיום",
      "EventType": "COURSE",
      "Authority": "שדרות",
      "School": "מקיף עמית",
      "CourseManager": "לינוי שמואל מזרחי",
      "StartTime": 0.5104166666666666,
      "EndTime": 0.5729166666666666,
      "Date1": 46069,
      "Date2": 46076,
      "Date3": 46090,
      "Date4": 46104,
      "Date5": 46105,
      "Date6": 46125,
      "Date7": 46139,
      "Date8": 46146,
      "Date9": 46153,
      "Date10": 46160,
      "Date11": 46167,
      "Date12": 46174,
      "End": 46174,
      "MonthEnd": 6,
      "MonthStart": 2,
      "Dates": [
        46069,
        46076,
        46090,
        46104,
        46105,
        46125,
        46139,
        46146,
        46153,
        46160,
        46167,
        46174
      ],
      "InstructorManager": "לינוי שמואל מזרחי"
    },
    {
      "EmployeeID": 1502,
      "Employee": "אלדר מיכאל טייב",
      "Program": "בינה מלאכותית",
      "EventType": "COURSE",
      "Authority": "שדרות",
      "School": "שקמים",
      "CourseManager": "לינוי שמואל מזרחי",
      "StartTime": 0.59375,
      "EndTime": 0.6458333333333334,
      "Date1": 46062,
      "Date2": 46069,
      "Date3": 46076,
      "Date4": 46083,
      "Date5": 46090,
      "Date6": 46097,
      "Date7": 46104,
      "Date8": 46125,
      "End": 46125,
      "MonthEnd": 4,
      "MonthStart": 2,
      "Dates": [
        46062,
        46069,
        46076,
        46083,
        46090,
        46097,
        46104,
        46125
      ],
      "InstructorManager": "לינוי שמואל מזרחי"
    },
    {
      "EmployeeID": 1502,
      "Employee": "אלדר מיכאל טייב",
      "Program": "ביומימיקרי",
      "EventType": "COURSE",
      "Authority": "שפיר",
      "School": "אבן שמואל",
      "CourseManager": "לינוי שמואל מזרחי",
      "StartTime": 0.34375,
      "EndTime": 0.40625,
      "Date1": 46035,
      "Date2": 46042,
      "Date3": 46049,
      "Date4": 46056,
      "Date5": 46063,
      "Date6": 46070,
      "Date7": 46077,
      "Date8": 46091,
      "Date9": 46098,
      "Date10": 46126,
      "End": 46126,
      "MonthEnd": 4,
      "MonthStart": 1,
      "Dates": [
        46035,
        46042,
        46049,
        46056,
        46063,
        46070,
        46077,
        46091,
        46098,
        46126
      ],
      "InstructorManager": "לינוי שמואל מזרחי"
    },
    {
      "EmployeeID": 1502,
      "Employee": "אלדר מיכאל טייב",
      "Program": "בינה מלאכותית",
      "EventType": "COURSE",
      "Authority": "שפיר",
      "School": "בי\"ס שפיר",
      "CourseManager": "לינוי שמואל מזרחי",
      "StartTime": 0.4375,
      "EndTime": 0.5,
      "Date1": 46063,
      "Date2": 46070,
      "Date3": 46077,
      "Date4": 46091,
      "Date5": 46098,
      "Date6": 46126,
      "Date7": 46140,
      "Date8": 46147,
      "End": 46147,
      "MonthEnd": 5,
      "MonthStart": 2,
      "Dates": [
        46063,
        46070,
        46077,
        46091,
        46098,
        46126,
        46140,
        46147
      ],