{
  "name": "עליזה מולה",
  "data": [
    {
      "EmployeeID": 1504,
      "Employee": "עליזה מולה",
      "Program": "ביומימיקרי",
      "EventType": "COURSE",
      "Authority": "אשכול",
      "School": "מרחבי אשכול",
      "CourseManager": "לינוי שמואל מזרחי",
      "StartTime": 0.3333333333333333,
      "EndTime": 0.375,
      "Date1": 45914,
      "Date2": 45921,
      "Date3": 45984,
      "Date4": 45991,
      "Date5": 45998,
      "Date6": 46005,
      "Date7": 46026,
      "Date8": 46033,
      "Date9": 46040,
      "Date10": 46089,
      "Date11": 46096,
      "Date12": 46103,
      "Date13": 46124,
      "Date14": 46131,
      "End": 46131,
      "MonthEnd": 4,
      "MonthStart": 9,
      "Dates": [
        45914,
        45921,
        45984,
        45991,
        45998,
        46005,
        46026,
        46033,
        46040,
        46089,
        46096,
        46103,
        46124,
        46131
      ],
      "InstructorManager": "לינוי שמואל מזרחי"
    },
    {
      "EmployeeID": 1504,
      "Employee": "עליזה מולה",
      "Program": "ביומימיקרי",
      "EventType": "COURSE",
      "Authority": "אשכול",
      "School": "מרחבי אשכול",
      "CourseManager": "לינוי שמואל מזרחי",
      "StartTime": 0.375,
      "EndTime": 0.4166666666666667,
      "Date1": 45914,
      "Date2": 45921,
      "Date3": 45984,
      "Date4": 45991,
      "Date5": 45998,
      "Date6": 46005,
      "Date7": 46026,
      "Date8": 46033,
      "Date9": 46040,
      "Date10": 46089,
      "Date11": 46096,
      "Date12": 46103,
      "Date13": 46124,
      "Date14": 46131,
      "End": 46131,
      "MonthEnd": 4,
      "MonthStart": 9,
      "Dates": [
        45914,
        45921,
        45984,
        45991,
        45998,
        46005,
        46026,
        46033,
        46040,
        46089,
        46096,
        46103,
        46124,
        46131
      ],
      "InstructorManager": "לינוי שמואל מזרחי"
    },
    {
      "EmployeeID": 1504,
      "Employee": "עליזה מולה",
      "Program": "ביומימיקרי",
      "EventType": "COURSE",
      "Authority": "אשכול",
      "School": "מרחבי אשכול",
      "CourseManager": "לינוי שמואל מזרחי",
      "StartTime": 0.4166666666666667,
      "EndTime": 0.4583333333333333,
      "Date1": 45914,
      "Date2": 45921,
      "Date3": 45984,
      "Date4": 45991,
      "Date5": 45998,
      "Date6": 46005,
      "Date7": 46026,
      "Date8": 46033,
      "Date9": 46040,
      "Date10": 46089,
      "Date11": 46096,
      "Date12": 46103,
      "Date13": 46124,
      "Date14": 46131,
      "End": 46131,
      "MonthEnd": 4,
      "MonthStart": 9,
      "Dates": [
        45914,
        45921,
        45984,
        45991,
        45998,
        46005,
        46026,
        46033,
        46040,
        46089,
        46096,
        46103,
        46124,
        46131
      ],
      "InstructorManager": "לינוי שמואל מזרחי"
    },
    {
      "EmployeeID": 1504,
      "Employee": "עליזה מולה",
      "Program": "בינה מלאכותית",
      "EventType": "COURSE",
      "Authority": "אשכול",
      "School": "מרחבי אשכול",
      "CourseManager": "לינוי שמואל מזרחי",
      "StartTime": 0.4583333333333333,
      "EndTime": 0.5,
      "Date1": 45914,
      "Date2": 45921,
      "Date3": 45984,
      "Date4": 45991,
      "Date5": 45998,
      "Date6": 46005,
      "Date7": 46026,
      "Date8": 46033,
      "Date9": 46040,
      "Date10": 46089,
      "Date11": 46096,
      "Date12": 46131,
      "End": 46131,
      "MonthEnd": 4,
      "MonthStart": 9,
      "Dates": [
        45914,
        45921,
        45984,
        45991,
        45998,
        46005,
        46026,
        46033,
        46040,
        46089,
        46096,
        46131
      ],
      "InstructorManager": "לינוי שמואל מזרחי"
    },
    {
      "EmployeeID": 1504,
      "Employee": "עליזה מולה",
      "Program": "בינה מלאכותית",
      "EventType": "COURSE",
      "Authority": "אשכול",
      "School": "מרחבי אשכול",
      "CourseManager": "לינוי שמואל מזרחי",
      "StartTime": 0.5,
      "EndTime": 0.5416666666666666,
      "Date1": 45914,
      "Date2": 45921,
      "Date3": 45984,
      "Date4": 45991,
      "Date5": 45998,
      "Date6": 46005,
      "Date7": 46026,
      "Date8": 46033,
      "Date9": 46040,
      "Date10": 46089,
      "Date11": 46096,
      "Date12": 46131,
      "End": 46131,
      "MonthEnd": 4,
      "MonthStart": 9,
      "Dates": [
        45914,
        45921,
        45984,
        45991,
        45998,
        46005,
        46026,
        46033,
        46040,
        46089,
        46096,
        46131
      ],
      "InstructorManager": "לינוי שמואל מזרחי"
    },
    {
      "EmployeeID": 1504,
      "Employee": "עליזה מולה",
      "Program": "ביומימיקרי",
      "EventType": "COURSE",
      "Authority": "יבנה",
      "School": "פרדס צפוני",
      "CourseManager": "לינוי שמואל מזרחי",
      "StartTime": 0.3333333333333333,
      "EndTime": 0.4027777777777778,
      "Date1": 46036,
      "Date2": 46043,
      "Date3": 46050,
      "Date4": 46057,
      "Date5": 46064,
      "Date6": 46071,
      "Date7": 46078,
      "Date8": 46092,
      "Date9": 46099,
      "Date10": 46127,
      "End": 46127,
      "MonthEnd": 4,
      "MonthStart": 1,
      "Dates": [
        46036,
        46043,
        46050,
        46057,
        46064,
        46071,
        46078,
        46092,
        46099,
        46127
      ],
      "InstructorManager": "לינוי שמואל מזרחי"
    },
    {
      "EmployeeID": 1504,
      "Employee": "עליזה מולה",
      "Program": "רוקחים עולם",
      "EventType": "COURSE",
      "Authority": "יד בנימין",
      "School": "יד בנימין",
      "CourseManager": "לינוי שמואל מזרחי",
      "StartTime": 0.5,
      "EndTime": 0.5625,
      "Date1": 46071,
      "Date2": 46092,
      "Date3": 46099,
      "Date4": 46127,
      "Date5": 46141,
      "Date6": 46148,
      "Date7": 46155,
      "Date8": 46162,
      "Date9": 46169,
      "Date10": 46176,
      "Date11": 46183,
      "Date12": 46190,
      "Date13": 46197,
      "End": 46197,
      "MonthEnd": 6,
      "MonthStart": 2,
      "Dates": [
        46071,
        46092,
        46099,
        46127,
        46141,
        46148,
        46155,
        46162,
        46169,
        46176,
        46183,
        46190,
        46197
      ],
      "InstructorManager": "לינוי שמואל מזרחי"
    },
    {
      "EmployeeID": 1504,
      "Employee": "עליזה מולה",
      "Program": "פורצות דרך",
      "EventType": "COURSE",
      "Authority": "מודיעין",
      "School": "תיכון ב'",
      "CourseManager": "לינוי שמואל מזרחי",
      "StartTime": 0.34375,
      "EndTime": 0.40625,
      "Date1": 46027,
      "Date2": 46034,
      "Date3": 46041,
      "Date4": 46048,
      "Date5": 46055,
      "Date6": 46069,
      "Date7": 46076,
      "Date8": 46083,
      "Date9": 46090,
      "Date10": 46097,
      "Date11": 46125,
      "Date12": 46139,
      "End": 46139,
      "MonthEnd": 4,
      "MonthStart": 1,
      "Dates": [
        46027,
        46034,
        46041,
        46048,
        46055,
        46069,
        46076,
        46083,
        46090,
        46097,
        46125,
        46139
      ],
      "InstructorManager": "לינוי שמואל מזרחי"
    },
    {
      "EmployeeID": 1504,
      "Employee": "עליזה מולה",
      "Program": "רוקחים עולם",
      "EventType": "COURSE",
      "Authority": "נס ציונה",
      "School": "בן גוריון",
      "CourseManager": "לינוי שמואל מזרחי",
      "StartTime": 0.5416666666666666,
      "EndTime": 0.6041666666666666,
      "Date1": 46064,
      "Date2": 46075,
      "Date3": 46082,
      "Date4": 46089,
      "Date5": 46096,
      "Date6": 46103,
      "Date7": 46124,
      "Date8": 46131,
      "Date9": 46138,
      "Date10": 46145,
      "Date11": 46152,
      "End": 46152,
      "MonthEnd": 5,
      "MonthStart": 2,