{
  "name": "ליאל בן חמו",
  "data": [
    {
      "EmployeeID": 1512,
      "Employee": "ליאל בן חמו",
      "Program": "בינה מלאכותית",
      "EventType": "COURSE",
      "Authority": "מ.א חוף אשקלון",
      "School": "ניצן",
      "StartTime": 0.3680555555555556,
      "EndTime": 0.4513888888888889,
      "Date1": 45991,
      "Date2": 45998,
      "Date3": 46019,
      "Date4": 46026,
      "Date5": 46033,
      "Date6": 46040,
      "Date7": 46047,
      "Date8": 46055,
      "End": 46055,
      "MonthEnd": 2,
      "MonthStart": 11,
      "Dates": [
        45991,
        45998,
        46019,
        46026,
        46033,
        46040,
        46047,
        46055
      ]
    },
    {
      "EmployeeID": 1512,
      "Employee": "ליאל בן חמו",
      "Program": "ביומימיקרי ",
      "EventType": "COURSE",
      "Authority": "מ.א חוף אשקלון",
      "School": "ניצני קטיף",
      "StartTime": 0.34375,
      "EndTime": 0.4166666666666667,
      "Date1": 46031,
      "Date2": 46038,
      "Date3": 46045,
      "Date4": 46052,
      "Date5": 46055,
      "Date6": 46069,
      "Date7": 46083,
      "Date8": 46090,
      "Date9": 46097,
      "Date10": 46104,
      "End": 46104,
      "MonthEnd": 3,
      "MonthStart": 1,
      "Dates": [
        46031,
        46038,
        46045,
        46052,
        46055,
        46069,
        46083,
        46090,
        46097,
        46104
      ]
    }
  ]
}