{
  "name": "אסיל ג'בר ",
  "data": [
    {
      "EmployeeID": 1517,
      "Employee": "אסיל ג'בר ",
      "Program": "מנהיגות ירוקה",
      "EventType": "COURSE",
      "Authority": "מטה יהודה",
      "School": "נווה שלום",
      "StartTime": 0.3541666666666667,
      "EndTime": 0.4166666666666667,
      "Date1": 46042,
      "Date2": 46049,
      "Date3": 46056,
      "Date4": 46063,
      "Date5": 46077,
      "Date6": 46091,
      "Date7": 46098,
      "Date8": 46126,
      "Date9": 46140,
      "Date10": 46147,
      "End": 46147,
      "MonthEnd": 5,
      "MonthStart": 1,
      "Dates": [
        46042,
        46049,
        46056,
        46063,
        46077,
        46091,
        46098,
        46126,
        46140,
        46147
      ]
    }
  ]
}