{
  "name": "אביב בלנדר",
  "data": [
    {
      "EmployeeID": 1522,
      "Employee": "אביב בלנדר",
      "Program": "תלמידים להייטק",
      "EventType": "COURSE",
      "Authority": "קריית שמונה",
      "School": "מתנ\"ס",
      "StartTime": 0.6875,
      "EndTime": 0.7291666666666666,
      "Date1": 46077,
      "Date2": 46091,
      "Date3": 46098,
      "Date4": 46126,
      "Date5": 46140,
      "Date6": 46147,
      "Date7": 46154,
      "Date8": 46161,
      "Date9": 46168,
      "Date10": 46175,
      "Date11": 46182,
      "Date12": 46189,
      "Date13": 46196,
      "End": 46196,
      "MonthEnd": 6,
      "MonthStart": 2,
      "Dates": [
        46077,
        46091,
        46098,
        46126,
        46140,
        46147,
        46154,
        46161,
        46168,
        46175,
        46182,
        46189,
        46196
      ]
    },
    {
      "EmployeeID": 1522,
      "Employee": "אביב בלנדר",
      "Program": "תלמידים להייטק",
      "EventType": "COURSE",
      "Authority": "קריית שמונה",
      "School": "מתנ\"ס",
      "StartTime": 0.7291666666666666,
      "EndTime": 0.75,
      "Date1": 46077,
      "Date2": 46091,
      "Date3": 46098,
      "Date4": 46126,
      "Date5": 46140,
      "Date6": 46147,
      "Date7": 46154,
      "Date8": 46161,
      "Date9": 46168,
      "Date10": 46175,
      "Date11": 46182,
      "Date12": 46189,
      "Date13": 46196,
      "End": 46196,
      "MonthEnd": 6,
      "MonthStart": 2,
      "Dates": [
        46077,
        46091,
        46098,
        46126,
        46140,
        46147,
        46154,
        46161,
        46168,
        46175,
        46182,
        46189,
        46196
      ]
    },
    {
      "EmployeeID": 1522,
      "Employee": "אביב בלנדר",
      "Program": "ביומימיקרי",
      "EventType": "COURSE",
      "Authority": "קריית שמונה",
      "School": "תל-חי",
      "StartTime": 0.3333333333333333,
      "EndTime": 0.4027777777777778,
      "Date1": 46089,
      "Date2": 46096,
      "Date3": 46103,
      "Date4": 46124,
      "Date5": 46131,
      "Date6": 46138,
      "Date7": 46145,
      "Date8": 46152,
      "Date9": 46159,
      "Date10": 46166,
      "End": 46166,
      "MonthEnd": 5,
      "MonthStart": 3,
      "Dates": [
        46089,
        46096,
        46103,
        46124,
        46131,
        46138,
        46145,
        46152,
        46159,
        46166
      ]
    }
  ]
}