{
  "name": "ראנה סאלח",
  "data": [
    {
      "EmployeeID": 1523,
      "Employee": "ראנה סאלח",
      "Program": "ביומימיקרי לחטיבה",
      "EventType": "COURSE",
      "Authority": "מג'דל שמס",
      "School": "מג'דל שמס",
      "StartTime": 0.4895833333333333,
      "EndTime": 0.5590277777777778,
      "Date1": 46058,
      "Date2": 46065,
      "Date3": 46072,
      "Date4": 46079,
      "Date5": 46086,
      "Date6": 46093,
      "Date7": 46100,
      "Date8": 46156,
      "End": 46156,
      "MonthEnd": 5,
      "MonthStart": 2,
      "Dates": [
        46058,
        46065,
        46072,
        46079,
        46086,
        46093,
        46100,
        46156
      ]
    }
  ]
}