{
  "name": "אפרת אוחיון",
  "data": [
    {
      "EmployeeID": 1509,
      "Employee": "אפרת אוחיון",
      "Program": "ביומימיקרי",
      "EventType": "COURSE",
      "Authority": "ירושלים",
      "School": "ביכורים",
      "CourseManager": "גיל נאמן",
      "StartTime": 0.5729166666666666,
      "EndTime": 0.6041666666666666,
      "Date1": 46064,
      "Date2": 46078,
      "Date3": 46092,
      "Date4": 46099,
      "Date5": 46127,
      "Date6": 46141,
      "Date7": 46148,
      "Date8": 46155,
      "Date9": 46162,
      "Date10": 46169,
      "End": 46169,
      "MonthEnd": 5,
      "MonthStart": 2,
      "Dates": [
        46064,
        46078,
        46092,
        46099,
        46127,
        46141,
        46148,
        46155,
        46162,
        46169
      ],
      "InstructorManager": "לינוי שמואל מזרחי"
    },
    {
      "EmployeeID": 1509,
      "Employee": "אפרת אוחיון",
      "Program": "מנהיגות ירוקה",
      "EventType": "COURSE",
      "Authority": "מטה יהודה",
      "School": "יסודי עין נקובא-ראפה",
      "CourseManager": "גיל נאמן",
      "StartTime": 0.3611111111111111,
      "EndTime": 0.3888888888888889,
      "Date1": 46071,
      "Date2": 46076,
      "Date3": 46083,
      "Date4": 46090,
      "Date5": 46097,
      "Date6": 46104,
      "Date7": 46125,
      "Date8": 46139,
      "Date9": 46146,
      "Date10": 46153,
      "End": 46153,
      "MonthEnd": 5,
      "MonthStart": 2,
      "Dates": [
        46071,
        46076,
        46083,
        46090,
        46097,
        46104,
        46125,
        46139,
        46146,
        46153
      ],
      "InstructorManager": "לינוי שמואל מזרחי"
    },
    {
      "EmployeeID": 1509,
      "Employee": "אפרת אוחיון",
      "Program": "מנהיגות ירוקה",
      "EventType": "COURSE",
      "Authority": "מטה יהודה",
      "School": "קסם",
      "CourseManager": "גיל נאמן",
      "StartTime": 0.375,
      "EndTime": 0.46875,
      "Date1": 46072,
      "Date2": 46079,
      "Date3": 46086,
      "Date4": 46093,
      "Date5": 46100,
      "Date6": 46121,
      "Date7": 46128,
      "Date8": 46135,
      "Date9": 46142,
      "Date10": 46149,
      "End": 46149,
      "MonthEnd": 5,
      "MonthStart": 2,
      "Dates": [
        46072,
        46079,
        46086,
        46093,
        46100,
        46121,
        46128,
        46135,
        46142,
        46149
      ],
      "InstructorManager": "לינוי שמואל מזרחי"
    },
    {
      "EmployeeID": 1509,
      "Employee": "אפרת אוחיון",
      "Program": "מנהיגות ירוקה",
      "EventType": "COURSE",
      "Authority": "מטה יהודה",
      "School": "הרטוב",
      "CourseManager": "גיל נאמן",
      "StartTime": 0.5,
      "EndTime": 0.53125,
      "Date1": 46072,
      "Date2": 46079,
      "Date3": 46086,
      "Date4": 46093,
      "Date5": 46100,
      "Date6": 46121,
      "Date7": 46128,
      "Date8": 46135,
      "Date9": 46142,
      "Date10": 46149,
      "End": 46149,
      "MonthEnd": 5,
      "MonthStart": 2,
      "Dates": [
        46072,
        46079,
        46086,
        46093,
        46100,
        46121,
        46128,
        46135,
        46142,
        46149
      ],
      "InstructorManager": "לינוי שמואל מזרחי"
    },
    {
      "EmployeeID": 1509,
      "Employee": "אפרת אוחיון",
      "Program": "בינה מלאכותית",
      "EventType": "COURSE",
      "Authority": "מ.א חוף אשקלון",
      "School": "שדות סילבר",
      "CourseManager": "לינוי שמואל מזרחי",
      "StartTime": 0.3333333333333333,
      "EndTime": 0.4027777777777778,
      "Date1": 46026,
      "Date2": 46033,
      "Date3": 46040,
      "Date4": 46047,
      "Date5": 46056,
      "Date6": 46070,
      "Date7": 46077,
      "Date8": 46091,
      "Date9": 46098,
      "End": 46098,
      "MonthEnd": 3,
      "MonthStart": 1,
      "Dates": [
        46026,
        46033,
        46040,
        46047,
        46056,
        46070,
        46077,
        46091,
        46098
      ],
      "InstructorManager": "לינוי שמואל מזרחי"
    },
    {
      "EmployeeID": 1509,
      "Employee": "אפרת אוחיון",
      "Program": "בינה מלאכותית",
      "EventType": "COURSE",
      "Authority": "מ.א חוף אשקלון",
      "School": "שדות סילבר",
      "CourseManager": "לינוי שמואל מזרחי",
      "StartTime": 0.4270833333333333,
      "EndTime": 0.5,
      "Date1": 46026,
      "Date2": 46033,
      "Date3": 46040,
      "Date4": 46047,
      "Date5": 46056,
      "Date6": 46070,
      "Date7": 46077,
      "Date8": 46091,
      "Date9": 46098,
      "End": 46098,
      "MonthEnd": 3,
      "MonthStart": 1,
      "Dates": [
        46026,
        46033,
        46040,
        46047,
        46056,
        46070,
        46077,
        46091,
        46098
      ],
      "InstructorManager": "לינוי שמואל מזרחי"
    }
  ]
}