{
  "name": "קרן גורביץ",
  "data": [
    {
      "EmployeeID": 1514,
      "Employee": "קרן גורביץ",
      "Program": "מייקרים",
      "EventType": "COURSE",
      "Authority": "בנימינה",
      "School": "מתנ\"ס",
      "StartTime": 0.6354166666666666,
      "EndTime": 0.6770833333333334,
      "Date1": 46072,
      "Date2": 46079,
      "Date3": 46086,
      "Date4": 46093,
      "Date5": 46100,
      "Date6": 46121,
      "Date7": 46128,
      "Date8": 46135,
      "Date9": 46142,
      "Date10": 46149,
      "Date11": 46156,
      "Date12": 46170,
      "Date13": 46177,
      "Date14": 46184,
      "Date15": 46191,
      "End": 46191,
      "MonthEnd": 6,
      "MonthStart": 2,
      "Dates": [
        46072,
        46079,
        46086,
        46093,
        46100,
        46121,
        46128,
        46135,
        46142,
        46149,
        46156,
        46170,
        46177,
        46184,
        46191
      ]
    },
    {
      "EmployeeID": 1514,
      "Employee": "קרן גורביץ",
      "Program": "מייקרים",
      "EventType": "COURSE",
      "Authority": "בנימינה",
      "School": "מתנ\"ס",
      "StartTime": 0.5833333333333334,
      "EndTime": 0.625,
      "Date1": 46072,
      "Date2": 46079,
      "Date3": 46086,
      "Date4": 46093,
      "Date5": 46100,
      "Date6": 46121,
      "Date7": 46128,
      "Date8": 46135,
      "Date9": 46142,
      "Date10": 46149,
      "Date11": 46156,
      "Date12": 46170,
      "Date13": 46177,
      "Date14": 46184,
      "Date15": 46191,
      "End": 46191,
      "MonthEnd": 6,
      "MonthStart": 2,
      "Dates": [
        46072,
        46079,
        46086,
        46093,
        46100,
        46121,
        46128,
        46135,
        46142,
        46149,
        46156,
        46170,
        46177,
        46184,
        46191
      ]
    },
    {
      "EmployeeID": 1514,
      "Employee": "קרן גורביץ",
      "Program": "יישומי AI",
      "EventType": "COURSE",
      "Authority": "נתניה",
      "School": "אלדד",
      "StartTime": 0.34375,
      "EndTime": 0.4479166666666667,
      "Date1": 45974,
      "Date2": 46079,
      "Date3": 46086,
      "Date4": 46093,
      "Date5": 46100,
      "Date6": 46023,
      "Date7": 46030,
      "Date8": 46037,
      "Date9": 46044,
      "Date10": 46051,
      "Date11": 46058,
      "Date12": 46065,
      "End": 46065,
      "MonthEnd": 2,
      "MonthStart": 11,
      "Dates": [
        45974,
        46079,
        46086,
        46093,
        46100,
        46023,
        46030,
        46037,
        46044,
        46051,
        46058,
        46065
      ]
    }
  ]
}