{
  "name": "אוריה פדידה",
  "data": [
    {
      "EmployeeID": 1505,
      "Employee": "אוריה פדידה",
      "Program": "ביומימיקרי",
      "EventType": "COURSE",
      "Authority": "הרצליה",
      "School": "ויצו פנינים אילנות",
      "CourseManager": "גיל נאמן",
      "StartTime": 0.5833333333333334,
      "EndTime": 0.6145833333333334,
      "Date1": 45963,
      "Date2": 45970,
      "Date3": 45977,
      "Date4": 45984,
      "Date5": 45991,
      "Date6": 45998,
      "Date7": 46005,
      "Date8": 46019,
      "Date9": 46026,
      "Date10": 46033,
      "Date11": 46040,
      "Date12": 46047,
      "Date13": 46054,
      "Date14": 46061,
      "End": 46061,
      "MonthEnd": 2,
      "MonthStart": 11,
      "Dates": [
        45963,
        45970,
        45977,
        45984,
        45991,
        45998,
        46005,
        46019,
        46026,
        46033,
        46040,
        46047,
        46054,
        46061
      ],
      "InstructorManager": "גיל נאמן"
    },
    {
      "EmployeeID": 1505,
      "Employee": "אוריה פדידה",
      "Program": "בינה מלאכותית",
      "EventType": "COURSE",
      "Authority": "נתניה",
      "School": "טשרניחובסקי",
      "CourseManager": "גיל נאמן",
      "StartTime": 0.4861111111111111,
      "EndTime": 0.5486111111111112,
      "Date1": 46089,
      "Date2": 46124,
      "Date3": 46131,
      "Date4": 46138,
      "Date5": 46145,
      "Date6": 46152,
      "Date7": 46159,
      "Date8": 46166,
      "End": 46166,
      "MonthEnd": 5,
      "MonthStart": 3,
      "Dates": [
        46089,
        46124,
        46131,
        46138,
        46145,
        46152,
        46159,
        46166
      ],
      "InstructorManager": "גיל נאמן"
    },
    {
      "EmployeeID": 1505,
      "Employee": "אוריה פדידה",
      "Program": "בינה מלאכותית",
      "EventType": "COURSE",
      "Authority": "נתניה",
      "School": "טשרניחובסקי",
      "CourseManager": "גיל נאמן",
      "StartTime": 0.4097222222222222,
      "EndTime": 0.4722222222222222,
      "Date1": 46086,
      "Date2": 46093,
      "Date3": 46100,
      "Date4": 46121,
      "Date5": 46128,
      "Date6": 46135,
      "Date7": 46142,
      "Date8": 46149,
      "End": 46149,
      "MonthEnd": 5,
      "MonthStart": 3,
      "Dates": [
        46086,
        46093,
        46100,
        46121,
        46128,
        46135,
        46142,
        46149
      ],
      "InstructorManager": "גיל נאמן"
    },
    {
      "EmployeeID": 1505,
      "Employee": "אוריה פדידה",
      "Program": "בינה מלאכותית",
      "EventType": "COURSE",
      "Authority": "נתניה",
      "School": "טשרניחובסקי",
      "CourseManager": "גיל נאמן",
      "StartTime": 0.4861111111111111,
      "EndTime": 0.5486111111111112,
      "Date1": 46086,
      "Date2": 46093,
      "Date3": 46100,
      "Date4": 46121,
      "Date5": 46128,
      "Date6": 46135,
      "Date7": 46142,
      "Date8": 46149,
      "End": 46149,
      "MonthEnd": 5,
      "MonthStart": 3,
      "Dates": [
        46086,
        46093,
        46100,
        46121,
        46128,
        46135,
        46142,
        46149
      ],
      "InstructorManager": "גיל נאמן"
    },
    {
      "EmployeeID": 1505,
      "Employee": "אוריה פדידה",
      "Program": "סדנאות תמיר",
      "EventType": "WORKSHOP",
      "Authority": "נתניה",
      "School": "אורט גוטמן",
      "CourseManager": "גיל נאמן",
      "StartTime": 0.3541666666666667,
      "EndTime": 0.3888888888888889,
      "Date1": 46079,
      "Dates": [
        46079
      ],
      "InstructorManager": "גיל נאמן"
    },
    {
      "EmployeeID": 1505,
      "Employee": "אוריה פדידה",
      "Program": "סדנאות תמיר",
      "EventType": "WORKSHOP",
      "Authority": "נתניה",
      "School": "אורט גוטמן",
      "CourseManager": "גיל נאמן",
      "StartTime": 0.3888888888888889,
      "EndTime": 0.4166666666666667,
      "Date1": 46079,
      "Dates": [
        46079
      ],
      "InstructorManager": "גיל נאמן"
    },
    {
      "EmployeeID": 1505,
      "Employee": "אוריה פדידה",
      "Program": "סדנאות תמיר",
      "EventType": "WORKSHOP",
      "Authority": "נתניה",
      "School": "אורט גוטמן",
      "CourseManager": "גיל נאמן",
      "StartTime": 0.4236111111111111,
      "EndTime": 0.4548611111111111,
      "Date1": 46079,
      "Dates": [
        46079
      ],
      "InstructorManager": "גיל נאמן"
    },
    {
      "EmployeeID": 1505,
      "Employee": "אוריה פדידה",
      "Program": "סדנאות תמיר",
      "EventType": "WORKSHOP",
      "Authority": "נתניה",
      "School": "אורט גוטמן",
      "CourseManager": "גיל נאמן",
      "StartTime": 0.46875,
      "EndTime": 0.5,
      "Date1": 46079,
      "Dates": [
        46079
      ],
      "InstructorManager": "גיל נאמן"
    },
    {
      "EmployeeID": 1505,
      "Employee": "אוריה פדידה",
      "Program": "סדנאות תמיר",
      "EventType": "WORKSHOP",
      "Authority": "נתניה",
      "School": "אורט גוטמן",
      "CourseManager": "גיל נאמן",
      "StartTime": 0.5,
      "EndTime": 0.53125,
      "Date1": 46079,
      "Dates": [
        46079
      ],
      "InstructorManager": "גיל נאמן"
    }
  ]
}